{"cameraMode":{"drawMode":0,"name":"Shaded","section":"Shading Mode"},"sceneLighting":true,"audioPlay":false,"sceneViewState":{"showFog":true,"showMaterialUpdate":false,"showSkybox":true,"showFlares":true,"showImageEffects":true,"showParticleSystems":true,"showVisualEffectGraphs":true,"m_FxEnabled":true},"in2DMode":false,"pivot":{"x":2.9498534202575685,"y":-19.948150634765626,"z":36.267005920410159},"rotation":{"x":-0.3873826861381531,"y":0.010230782441794873,"z":-0.004297429695725441,"w":-0.9218646287918091},"size":49.14007568359375,"orthographic":false}