{"cameraMode":{"drawMode":0,"name":"Shaded","section":"Shading Mode"},"sceneLighting":true,"audioPlay":false,"sceneViewState":{"showFog":true,"showMaterialUpdate":false,"showSkybox":true,"showFlares":true,"showImageEffects":true,"showParticleSystems":true,"showVisualEffectGraphs":true,"m_FxEnabled":true},"in2DMode":false,"pivot":{"x":60.56125259399414,"y":-31.993492126464845,"z":63.15889358520508},"rotation":{"x":0.24379360675811768,"y":0.23203478753566743,"z":-0.060158632695674899,"w":0.939786970615387},"size":44.262535095214847,"orthographic":false}