{"cameraMode":{"drawMode":0,"name":"Shaded","section":"Shading Mode"},"sceneLighting":true,"audioPlay":false,"sceneViewState":{"showFog":true,"showMaterialUpdate":false,"showSkybox":true,"showFlares":true,"showImageEffects":true,"showParticleSystems":true,"showVisualEffectGraphs":true,"m_FxEnabled":true},"in2DMode":false,"pivot":{"x":0.9000000953674316,"y":36.14999771118164,"z":-23.740001678466798},"rotation":{"x":0.08122534304857254,"y":-0.00275129615329206,"z":0.0002732563007157296,"w":0.9967424273490906},"size":84.09600067138672,"orthographic":false}