{"cameraMode":{"drawMode":0,"name":"Shaded","section":"Shading Mode"},"sceneLighting":true,"audioPlay":false,"sceneViewState":{"showFog":true,"showMaterialUpdate":false,"showSkybox":true,"showFlares":true,"showImageEffects":true,"showParticleSystems":true,"showVisualEffectGraphs":true,"m_FxEnabled":true},"in2DMode":false,"pivot":{"x":0.7922066450119019,"y":-64.54972076416016,"z":68.12066650390625},"rotation":{"x":0.40255260467529299,"y":-0.004408183507621288,"z":0.00195472314953804,"w":0.9153800010681152},"size":66.54790496826172,"orthographic":false}