{"cameraMode":{"drawMode":0,"name":"Shaded","section":"Shading Mode"},"sceneLighting":true,"audioPlay":false,"sceneViewState":{"showFog":true,"showMaterialUpdate":false,"showSkybox":true,"showFlares":true,"showImageEffects":true,"showParticleSystems":true,"showVisualEffectGraphs":true,"m_FxEnabled":true},"in2DMode":false,"pivot":{"x":-9.001378059387207,"y":-1.375335693359375,"z":-42.440032958984378},"rotation":{"x":-0.0009986658114939929,"y":0.9723605513572693,"z":-0.23364055156707765,"w":-0.0043278769589960579},"size":8.247695922851563,"orthographic":false}