{"cameraMode":{"drawMode":0,"name":"Shaded","section":"Shading Mode"},"sceneLighting":true,"audioPlay":false,"sceneViewState":{"showFog":true,"showMaterialUpdate":false,"showSkybox":true,"showFlares":true,"showImageEffects":true,"showParticleSystems":true,"showVisualEffectGraphs":true,"m_FxEnabled":true},"in2DMode":false,"pivot":{"x":-0.5968109369277954,"y":-22.677785873413087,"z":34.17058181762695},"rotation":{"x":0.35256579518318179,"y":-0.006498180329799652,"z":0.0024649419356137516,"w":0.9357890486717224},"size":39.097251892089847,"orthographic":false}