{"cameraMode":{"drawMode":0,"name":"Shaded","section":"Shading Mode"},"sceneLighting":true,"audioPlay":false,"sceneViewState":{"showFog":true,"showMaterialUpdate":false,"showSkybox":true,"showFlares":true,"showImageEffects":true,"showParticleSystems":true,"showVisualEffectGraphs":true,"m_FxEnabled":true},"in2DMode":false,"pivot":{"x":490.6325988769531,"y":369.38128662109377,"z":-50.312835693359378},"rotation":{"x":0.08122534304857254,"y":-0.00275129615329206,"z":0.0002732563007157296,"w":0.9967424273490906},"size":381.89239501953127,"orthographic":false}