{"cameraMode":{"drawMode":0,"name":"Shaded","section":"Shading Mode"},"sceneLighting":true,"audioPlay":false,"sceneViewState":{"showFog":true,"showMaterialUpdate":false,"showSkybox":true,"showFlares":true,"showImageEffects":true,"showParticleSystems":true,"showVisualEffectGraphs":true,"m_FxEnabled":true},"in2DMode":false,"pivot":{"x":-1.7986552715301514,"y":-1.0120811462402344,"z":6.965427398681641},"rotation":{"x":0.34269917011260989,"y":-0.013829083181917668,"z":0.005170986521989107,"w":0.9393839240074158},"size":27.003620147705079,"orthographic":false}