{"cameraMode":{"drawMode":0,"name":"Shaded","section":"Shading Mode"},"sceneLighting":true,"audioPlay":false,"sceneViewState":{"showFog":true,"showMaterialUpdate":false,"showSkybox":true,"showFlares":true,"showImageEffects":true,"showParticleSystems":true,"showVisualEffectGraphs":true,"m_FxEnabled":true},"in2DMode":false,"pivot":{"x":0.02537250518798828,"y":2.671319007873535,"z":17.947189331054689},"rotation":{"x":0.19326746463775636,"y":-0.08939623832702637,"z":0.01775226928293705,"w":0.9769546985626221},"size":28.858491897583009,"orthographic":false}