{"cameraMode":{"drawMode":0,"name":"Shaded","section":"Shading Mode"},"sceneLighting":false,"audioPlay":false,"sceneViewState":{"showFog":true,"showMaterialUpdate":false,"showSkybox":false,"showFlares":true,"showImageEffects":true,"showParticleSystems":true,"showVisualEffectGraphs":true,"m_FxEnabled":true},"in2DMode":false,"pivot":{"x":0.4999856948852539,"y":2.373598337173462,"z":-0.09999656677246094},"rotation":{"x":0.40255260467529299,"y":-0.004408183507621288,"z":0.00195472314953804,"w":0.9153800010681152},"size":6.568029880523682,"orthographic":false}