{"cameraMode":{"drawMode":0,"name":"Shaded","section":"Shading Mode"},"sceneLighting":false,"audioPlay":false,"sceneViewState":{"showFog":true,"showMaterialUpdate":false,"showSkybox":false,"showFlares":true,"showImageEffects":true,"showParticleSystems":true,"showVisualEffectGraphs":true,"m_FxEnabled":true},"in2DMode":false,"pivot":{"x":31.310060501098634,"y":50.037750244140628,"z":-70.81690216064453},"rotation":{"x":0.25689008831977847,"y":0.006940740626305342,"z":-0.001830167486332357,"w":0.966408908367157},"size":1.2247449159622193,"orthographic":false}